-- phpMyAdmin SQL Dump
-- version 5.2.0
-- https://www.phpmyadmin.net/
--
-- Хост: 127.0.0.1:3306
-- Время создания: Июн 07 2025 г., 20:15
-- Версия сервера: 5.7.39
-- Версия PHP: 7.2.34

SET SQL_MODE = "NO_AUTO_VALUE_ON_ZERO";
START TRANSACTION;
SET time_zone = "+00:00";


/*!40101 SET @OLD_CHARACTER_SET_CLIENT=@@CHARACTER_SET_CLIENT */;
/*!40101 SET @OLD_CHARACTER_SET_RESULTS=@@CHARACTER_SET_RESULTS */;
/*!40101 SET @OLD_COLLATION_CONNECTION=@@COLLATION_CONNECTION */;
/*!40101 SET NAMES utf8mb4 */;

--
-- База данных: `software_catalog`
--

-- --------------------------------------------------------

--
-- Структура таблицы `categories`
--

CREATE TABLE `categories` (
  `id` int(11) NOT NULL,
  `name` varchar(50) COLLATE utf8mb4_unicode_ci NOT NULL
) ENGINE=InnoDB DEFAULT CHARSET=utf8mb4 COLLATE=utf8mb4_unicode_ci;

--
-- Дамп данных таблицы `categories`
--

INSERT INTO `categories` (`id`, `name`) VALUES
(3, 'Видео'),
(4, 'Игры'),
(1, 'Инструменты'),
(5, 'Красота'),
(2, 'Музыка');

-- --------------------------------------------------------

--
-- Структура таблицы `reviews`
--

CREATE TABLE `reviews` (
  `id` int(11) NOT NULL,
  `user_id` int(11) NOT NULL,
  `software_id` int(11) NOT NULL,
  `rating` tinyint(4) DEFAULT NULL,
  `comment` text COLLATE utf8mb4_unicode_ci,
  `created_at` timestamp NOT NULL DEFAULT CURRENT_TIMESTAMP
) ENGINE=InnoDB DEFAULT CHARSET=utf8mb4 COLLATE=utf8mb4_unicode_ci;

--
-- Дамп данных таблицы `reviews`
--

INSERT INTO `reviews` (`id`, `user_id`, `software_id`, `rating`, `comment`, `created_at`) VALUES
(1, 2, 3, 5, 'НУ ВАЩЕ ОГОНЬ! ПУШКА!', '2025-05-24 17:20:56'),
(2, 2, 3, 5, 'Ну просто W', '2025-05-24 18:08:28'),
(3, 3, 1, 5, 'Отличная программа!', '2025-05-24 18:25:37'),
(4, 4, 1, 5, 'Отличная программа!', '2025-05-24 18:25:37'),
(5, 5, 1, 5, 'Отличная программа!', '2025-05-24 18:25:37'),
(6, 3, 1, 4, 'Очень полезная.', '2025-05-24 18:25:37'),
(7, 4, 1, 4, 'Очень полезная.', '2025-05-24 18:25:37'),
(8, 5, 1, 4, 'Очень полезная.', '2025-05-24 18:25:37'),
(9, 3, 1, 3, 'Неплохо, но есть недочеты.', '2025-05-24 18:25:37'),
(10, 4, 1, 3, 'Неплохо, но есть недочеты.', '2025-05-24 18:25:37'),
(11, 5, 1, 3, 'Неплохо, но есть недочеты.', '2025-05-24 18:25:37'),
(12, 3, 2, 5, 'Отличная программа!', '2025-05-24 18:25:37'),
(13, 4, 2, 5, 'Отличная программа!', '2025-05-24 18:25:37'),
(14, 5, 2, 5, 'Отличная программа!', '2025-05-24 18:25:37'),
(15, 3, 2, 4, 'Очень полезная.', '2025-05-24 18:25:37'),
(16, 4, 2, 4, 'Очень полезная.', '2025-05-24 18:25:37'),
(17, 5, 2, 4, 'Очень полезная.', '2025-05-24 18:25:37'),
(18, 3, 2, 3, 'Неплохо, но есть недочеты.', '2025-05-24 18:25:37'),
(19, 4, 2, 3, 'Неплохо, но есть недочеты.', '2025-05-24 18:25:37'),
(20, 5, 2, 3, 'Неплохо, но есть недочеты.', '2025-05-24 18:25:37'),
(21, 3, 3, 5, 'Отличная программа!', '2025-05-24 18:25:37'),
(22, 4, 3, 5, 'Отличная программа!', '2025-05-24 18:25:37'),
(23, 5, 3, 5, 'Отличная программа!', '2025-05-24 18:25:37'),
(24, 3, 3, 4, 'Очень полезная.', '2025-05-24 18:25:37'),
(25, 4, 3, 4, 'Очень полезная.', '2025-05-24 18:25:37'),
(26, 5, 3, 4, 'Очень полезная.', '2025-05-24 18:25:37'),
(27, 3, 3, 3, 'Неплохо, но есть недочеты.', '2025-05-24 18:25:37'),
(28, 4, 3, 3, 'Неплохо, но есть недочеты.', '2025-05-24 18:25:37'),
(29, 5, 3, 3, 'Неплохо, но есть недочеты.', '2025-05-24 18:25:37'),
(30, 3, 4, 5, 'Отличная программа!', '2025-05-24 18:25:37'),
(31, 4, 4, 5, 'Отличная программа!', '2025-05-24 18:25:37'),
(32, 5, 4, 5, 'Отличная программа!', '2025-05-24 18:25:37'),
(33, 3, 4, 4, 'Очень полезная.', '2025-05-24 18:25:37'),
(34, 4, 4, 4, 'Очень полезная.', '2025-05-24 18:25:37'),
(35, 5, 4, 4, 'Очень полезная.', '2025-05-24 18:25:37'),
(36, 3, 4, 3, 'Неплохо, но есть недочеты.', '2025-05-24 18:25:37'),
(37, 4, 4, 3, 'Неплохо, но есть недочеты.', '2025-05-24 18:25:37'),
(38, 5, 4, 3, 'Неплохо, но есть недочеты.', '2025-05-24 18:25:37'),
(39, 3, 5, 5, 'Отличная программа!', '2025-05-24 18:25:37'),
(40, 4, 5, 5, 'Отличная программа!', '2025-05-24 18:25:37'),
(41, 5, 5, 5, 'Отличная программа!', '2025-05-24 18:25:37'),
(42, 3, 5, 4, 'Очень полезная.', '2025-05-24 18:25:37'),
(43, 4, 5, 4, 'Очень полезная.', '2025-05-24 18:25:37'),
(44, 5, 5, 4, 'Очень полезная.', '2025-05-24 18:25:37'),
(45, 3, 5, 3, 'Неплохо, но есть недочеты.', '2025-05-24 18:25:37'),
(46, 4, 5, 3, 'Неплохо, но есть недочеты.', '2025-05-24 18:25:37'),
(47, 5, 5, 3, 'Неплохо, но есть недочеты.', '2025-05-24 18:25:37'),
(48, 3, 6, 5, 'Отличная программа!', '2025-05-24 18:25:37'),
(49, 4, 6, 5, 'Отличная программа!', '2025-05-24 18:25:37'),
(50, 5, 6, 5, 'Отличная программа!', '2025-05-24 18:25:37'),
(51, 3, 6, 4, 'Очень полезная.', '2025-05-24 18:25:37'),
(52, 4, 6, 4, 'Очень полезная.', '2025-05-24 18:25:37'),
(53, 5, 6, 4, 'Очень полезная.', '2025-05-24 18:25:37'),
(54, 3, 6, 3, 'Неплохо, но есть недочеты.', '2025-05-24 18:25:37'),
(55, 4, 6, 3, 'Неплохо, но есть недочеты.', '2025-05-24 18:25:37'),
(56, 5, 6, 3, 'Неплохо, но есть недочеты.', '2025-05-24 18:25:37'),
(57, 3, 7, 5, 'Отличная программа!', '2025-05-24 18:25:37'),
(58, 4, 7, 5, 'Отличная программа!', '2025-05-24 18:25:37'),
(59, 5, 7, 5, 'Отличная программа!', '2025-05-24 18:25:37'),
(60, 3, 7, 4, 'Очень полезная.', '2025-05-24 18:25:37'),
(61, 4, 7, 4, 'Очень полезная.', '2025-05-24 18:25:37'),
(62, 5, 7, 4, 'Очень полезная.', '2025-05-24 18:25:37'),
(63, 3, 7, 3, 'Неплохо, но есть недочеты.', '2025-05-24 18:25:37'),
(64, 4, 7, 3, 'Неплохо, но есть недочеты.', '2025-05-24 18:25:37'),
(65, 5, 7, 3, 'Неплохо, но есть недочеты.', '2025-05-24 18:25:37'),
(66, 3, 8, 5, 'Отличная программа!', '2025-05-24 18:25:37'),
(67, 4, 8, 5, 'Отличная программа!', '2025-05-24 18:25:37'),
(68, 5, 8, 5, 'Отличная программа!', '2025-05-24 18:25:37'),
(69, 3, 8, 4, 'Очень полезная.', '2025-05-24 18:25:37'),
(70, 4, 8, 4, 'Очень полезная.', '2025-05-24 18:25:37'),
(71, 5, 8, 4, 'Очень полезная.', '2025-05-24 18:25:37'),
(72, 3, 8, 3, 'Неплохо, но есть недочеты.', '2025-05-24 18:25:37'),
(73, 4, 8, 3, 'Неплохо, но есть недочеты.', '2025-05-24 18:25:37'),
(74, 5, 8, 3, 'Неплохо, но есть недочеты.', '2025-05-24 18:25:37'),
(75, 3, 9, 5, 'Отличная программа!', '2025-05-24 18:25:37'),
(76, 4, 9, 5, 'Отличная программа!', '2025-05-24 18:25:37'),
(77, 5, 9, 5, 'Отличная программа!', '2025-05-24 18:25:37'),
(78, 3, 9, 4, 'Очень полезная.', '2025-05-24 18:25:37'),
(79, 4, 9, 4, 'Очень полезная.', '2025-05-24 18:25:37'),
(80, 5, 9, 4, 'Очень полезная.', '2025-05-24 18:25:37'),
(81, 3, 9, 3, 'Неплохо, но есть недочеты.', '2025-05-24 18:25:37'),
(82, 4, 9, 3, 'Неплохо, но есть недочеты.', '2025-05-24 18:25:37'),
(83, 5, 9, 3, 'Неплохо, но есть недочеты.', '2025-05-24 18:25:37'),
(84, 3, 10, 5, 'Отличная программа!', '2025-05-24 18:25:37'),
(85, 4, 10, 5, 'Отличная программа!', '2025-05-24 18:25:37'),
(86, 5, 10, 5, 'Отличная программа!', '2025-05-24 18:25:37'),
(87, 3, 10, 4, 'Очень полезная.', '2025-05-24 18:25:37'),
(88, 4, 10, 4, 'Очень полезная.', '2025-05-24 18:25:37'),
(89, 5, 10, 4, 'Очень полезная.', '2025-05-24 18:25:37'),
(90, 3, 10, 3, 'Неплохо, но есть недочеты.', '2025-05-24 18:25:37'),
(91, 4, 10, 3, 'Неплохо, но есть недочеты.', '2025-05-24 18:25:37'),
(92, 5, 10, 3, 'Неплохо, но есть недочеты.', '2025-05-24 18:25:37'),
(93, 3, 11, 5, 'Отличная программа!', '2025-05-24 18:25:37'),
(94, 4, 11, 5, 'Отличная программа!', '2025-05-24 18:25:37'),
(95, 5, 11, 5, 'Отличная программа!', '2025-05-24 18:25:37'),
(96, 3, 11, 4, 'Очень полезная.', '2025-05-24 18:25:37'),
(97, 4, 11, 4, 'Очень полезная.', '2025-05-24 18:25:37'),
(98, 5, 11, 4, 'Очень полезная.', '2025-05-24 18:25:37'),
(99, 3, 11, 3, 'Неплохо, но есть недочеты.', '2025-05-24 18:25:37'),
(100, 4, 11, 3, 'Неплохо, но есть недочеты.', '2025-05-24 18:25:37'),
(101, 5, 11, 3, 'Неплохо, но есть недочеты.', '2025-05-24 18:25:37'),
(102, 3, 12, 5, 'Отличная программа!', '2025-05-24 18:25:37'),
(103, 4, 12, 5, 'Отличная программа!', '2025-05-24 18:25:37'),
(104, 5, 12, 5, 'Отличная программа!', '2025-05-24 18:25:37'),
(105, 3, 12, 4, 'Очень полезная.', '2025-05-24 18:25:37'),
(106, 4, 12, 4, 'Очень полезная.', '2025-05-24 18:25:37'),
(107, 5, 12, 4, 'Очень полезная.', '2025-05-24 18:25:37'),
(108, 3, 12, 3, 'Неплохо, но есть недочеты.', '2025-05-24 18:25:37'),
(109, 4, 12, 3, 'Неплохо, но есть недочеты.', '2025-05-24 18:25:37'),
(110, 5, 12, 3, 'Неплохо, но есть недочеты.', '2025-05-24 18:25:37'),
(111, 3, 13, 5, 'Отличная программа!', '2025-05-24 18:25:37'),
(112, 4, 13, 5, 'Отличная программа!', '2025-05-24 18:25:37'),
(113, 5, 13, 5, 'Отличная программа!', '2025-05-24 18:25:37'),
(114, 3, 13, 4, 'Очень полезная.', '2025-05-24 18:25:37'),
(115, 4, 13, 4, 'Очень полезная.', '2025-05-24 18:25:37'),
(116, 5, 13, 4, 'Очень полезная.', '2025-05-24 18:25:37'),
(117, 3, 13, 3, 'Неплохо, но есть недочеты.', '2025-05-24 18:25:37'),
(118, 4, 13, 3, 'Неплохо, но есть недочеты.', '2025-05-24 18:25:37'),
(119, 5, 13, 3, 'Неплохо, но есть недочеты.', '2025-05-24 18:25:37'),
(120, 3, 14, 5, 'Отличная программа!', '2025-05-24 18:25:37'),
(121, 4, 14, 5, 'Отличная программа!', '2025-05-24 18:25:37'),
(122, 5, 14, 5, 'Отличная программа!', '2025-05-24 18:25:37'),
(123, 3, 14, 4, 'Очень полезная.', '2025-05-24 18:25:37'),
(124, 4, 14, 4, 'Очень полезная.', '2025-05-24 18:25:37'),
(125, 5, 14, 4, 'Очень полезная.', '2025-05-24 18:25:37'),
(126, 3, 14, 3, 'Неплохо, но есть недочеты.', '2025-05-24 18:25:37'),
(127, 4, 14, 3, 'Неплохо, но есть недочеты.', '2025-05-24 18:25:37'),
(128, 5, 14, 3, 'Неплохо, но есть недочеты.', '2025-05-24 18:25:37'),
(129, 3, 15, 5, 'Отличная программа!', '2025-05-24 18:25:37'),
(130, 4, 15, 5, 'Отличная программа!', '2025-05-24 18:25:37'),
(131, 5, 15, 5, 'Отличная программа!', '2025-05-24 18:25:37'),
(132, 3, 15, 4, 'Очень полезная.', '2025-05-24 18:25:37'),
(133, 4, 15, 4, 'Очень полезная.', '2025-05-24 18:25:37'),
(134, 5, 15, 4, 'Очень полезная.', '2025-05-24 18:25:37'),
(135, 3, 15, 3, 'Неплохо, но есть недочеты.', '2025-05-24 18:25:37'),
(136, 4, 15, 3, 'Неплохо, но есть недочеты.', '2025-05-24 18:25:37'),
(137, 5, 15, 3, 'Неплохо, но есть недочеты.', '2025-05-24 18:25:37'),
(138, 3, 16, 5, 'Отличная программа!', '2025-05-24 18:25:37'),
(139, 4, 16, 5, 'Отличная программа!', '2025-05-24 18:25:37'),
(140, 5, 16, 5, 'Отличная программа!', '2025-05-24 18:25:37'),
(141, 3, 16, 4, 'Очень полезная.', '2025-05-24 18:25:37'),
(142, 4, 16, 4, 'Очень полезная.', '2025-05-24 18:25:37'),
(143, 5, 16, 4, 'Очень полезная.', '2025-05-24 18:25:37'),
(144, 3, 16, 3, 'Неплохо, но есть недочеты.', '2025-05-24 18:25:37'),
(145, 4, 16, 3, 'Неплохо, но есть недочеты.', '2025-05-24 18:25:37'),
(146, 5, 16, 3, 'Неплохо, но есть недочеты.', '2025-05-24 18:25:37'),
(147, 3, 17, 5, 'Отличная программа!', '2025-05-24 18:25:37'),
(148, 4, 17, 5, 'Отличная программа!', '2025-05-24 18:25:37'),
(149, 5, 17, 5, 'Отличная программа!', '2025-05-24 18:25:37'),
(150, 3, 17, 4, 'Очень полезная.', '2025-05-24 18:25:37'),
(151, 4, 17, 4, 'Очень полезная.', '2025-05-24 18:25:37'),
(152, 5, 17, 4, 'Очень полезная.', '2025-05-24 18:25:37'),
(153, 3, 17, 3, 'Неплохо, но есть недочеты.', '2025-05-24 18:25:37'),
(154, 4, 17, 3, 'Неплохо, но есть недочеты.', '2025-05-24 18:25:37'),
(155, 5, 17, 3, 'Неплохо, но есть недочеты.', '2025-05-24 18:25:37'),
(156, 3, 18, 5, 'Отличная программа!', '2025-05-24 18:25:37'),
(157, 4, 18, 5, 'Отличная программа!', '2025-05-24 18:25:37'),
(158, 5, 18, 5, 'Отличная программа!', '2025-05-24 18:25:37'),
(159, 3, 18, 4, 'Очень полезная.', '2025-05-24 18:25:37'),
(160, 4, 18, 4, 'Очень полезная.', '2025-05-24 18:25:37'),
(161, 5, 18, 4, 'Очень полезная.', '2025-05-24 18:25:37'),
(162, 3, 18, 3, 'Неплохо, но есть недочеты.', '2025-05-24 18:25:37'),
(163, 4, 18, 3, 'Неплохо, но есть недочеты.', '2025-05-24 18:25:37'),
(164, 5, 18, 3, 'Неплохо, но есть недочеты.', '2025-05-24 18:25:37'),
(165, 3, 19, 5, 'Отличная программа!', '2025-05-24 18:25:37'),
(166, 4, 19, 5, 'Отличная программа!', '2025-05-24 18:25:37'),
(167, 5, 19, 5, 'Отличная программа!', '2025-05-24 18:25:37'),
(168, 3, 19, 4, 'Очень полезная.', '2025-05-24 18:25:37'),
(169, 4, 19, 4, 'Очень полезная.', '2025-05-24 18:25:37'),
(170, 5, 19, 4, 'Очень полезная.', '2025-05-24 18:25:37'),
(171, 3, 19, 3, 'Неплохо, но есть недочеты.', '2025-05-24 18:25:37'),
(172, 4, 19, 3, 'Неплохо, но есть недочеты.', '2025-05-24 18:25:37'),
(173, 5, 19, 3, 'Неплохо, но есть недочеты.', '2025-05-24 18:25:37'),
(174, 3, 20, 5, 'Отличная программа!', '2025-05-24 18:25:37'),
(175, 4, 20, 5, 'Отличная программа!', '2025-05-24 18:25:37'),
(176, 5, 20, 5, 'Отличная программа!', '2025-05-24 18:25:37'),
(177, 3, 20, 4, 'Очень полезная.', '2025-05-24 18:25:37'),
(178, 4, 20, 4, 'Очень полезная.', '2025-05-24 18:25:37'),
(179, 5, 20, 4, 'Очень полезная.', '2025-05-24 18:25:37'),
(180, 3, 20, 3, 'Неплохо, но есть недочеты.', '2025-05-24 18:25:37'),
(181, 4, 20, 3, 'Неплохо, но есть недочеты.', '2025-05-24 18:25:37'),
(182, 5, 20, 3, 'Неплохо, но есть недочеты.', '2025-05-24 18:25:37'),
(183, 2, 1, 1, 'Я не разобрался с управлением', '2025-05-25 16:12:16');

-- --------------------------------------------------------

--
-- Структура таблицы `software`
--

CREATE TABLE `software` (
  `id` int(11) NOT NULL,
  `name` varchar(100) COLLATE utf8mb4_unicode_ci NOT NULL,
  `version` varchar(20) COLLATE utf8mb4_unicode_ci DEFAULT NULL,
  `developer` varchar(100) COLLATE utf8mb4_unicode_ci DEFAULT NULL,
  `description` text COLLATE utf8mb4_unicode_ci,
  `link` varchar(255) COLLATE utf8mb4_unicode_ci DEFAULT NULL,
  `category_id` int(11) DEFAULT NULL,
  `created_at` timestamp NOT NULL DEFAULT CURRENT_TIMESTAMP
) ENGINE=InnoDB DEFAULT CHARSET=utf8mb4 COLLATE=utf8mb4_unicode_ci;

--
-- Дамп данных таблицы `software`
--

INSERT INTO `software` (`id`, `name`, `version`, `developer`, `description`, `link`, `category_id`, `created_at`) VALUES
(1, 'PowerToys', '0.91.1', 'Microsoft', 'Очень классная программа', 'https://learn.microsoft.com/ru-ru/windows/powertoys/install', 1, '2025-05-24 09:01:16'),
(2, 'Spotify', '1.2.64.408', 'Spotify LTD', 'Музыкальный сервис недоступный в России, один из самых лучших и лидирующих в мире! Его аналогом может стать VK Music, при желании из Spotify и Apple Music можно подтянуть музыку', 'https://open.spotify.com/download', 2, '2025-05-24 10:33:36'),
(3, 'Revo Uninstaller Free', '2.5.8', 'VS REVO GROUP', 'Прекраснейшая программа позволяющая удалять ПО без остаточного мусора в виде остаточных файлов и остатков в реестре. Pro версия предоставляет больший функционал, но за нее нужно заплатить', 'https://www.revouninstaller.com/ru/products/revo-uninstaller-free/', 1, '2025-05-24 10:45:17'),
(4, 'WinDirStat', '1.1.2', 'Michael H. Kleer', 'Удобная утилита для анализа занимаемого дискового пространства. Отображает дерево папок и проценты занимаемого пространства в виде наглядной цветной карты. Мне очень нравится.', 'https://windirstat.net/download.html', 1, '2025-05-24 18:05:00'),
(5, 'CrystalDiskInfo', '8.16.4', 'Crystal Dew World', 'Простая в использовании программа для мониторинга состояния жесткого диска и SSD. Показывает температуру, статус S.M.A.R.T., скорость чтения/записи. Мне очень нравится.', 'https://crystalmark.info/en/software/crystaldiskinfo/', 1, '2025-05-24 18:06:00'),
(6, 'AIDA64', '6.80.5900', 'FinalWire Ltd.', 'Мощный инструмент для получения подробной информации о системе: процессор, материнская плата, устройства, датчики. Позволяет проводить стресс-тестирование и бенчмаркинг. Мне очень нравится.', 'https://www.aida64.com/downloads', 1, '2025-05-24 18:07:00'),
(7, 'CPU-Z', '2.11.0', 'CPUID', 'Легкая программа для определения характеристик центрального процессора, материнской платы, оперативной памяти и видеокарты. Отображает данные о тактовых частотах, напряжениях и кэше. Мне очень нравится.', 'https://www.cpuid.com/softwares/cpu-z.html', 1, '2025-05-24 18:08:00'),
(8, 'CapCut', '8.6.0', 'Bytedance Pte. Ltd.', 'Бесплатный видео-редактор с большим количеством эффектов, переходов и фильтров. Подходит для быстрого монтажа роликов в социальных сетях. Мне очень нравится.', 'https://www.capcut.com/download', 3, '2025-05-24 18:09:00'),
(9, 'FL Studio', '21.0.5', 'Image-Line', 'Популярная цифровая аудиостанция (DAW) для создания музыки. Имеет большой набор синтезаторов, сэмплеров и плагинов. Поддерживает работу с MIDI-контроллерами. Мне очень нравится.', 'https://www.image-line.com/downloads/flstudiodownload.html', 2, '2025-05-24 18:10:00'),
(10, 'Convertilla', '17.11.0.646', 'PCS-Soft', 'Небольшая утилита для конвертации видео и аудио в различные форматы (MP4, AVI, MP3 и др.). Имеет шаблоны пресетов для популярных устройств, прост в настройке. Мне очень нравится.', 'https://www.convertilla.com/download/', 1, '2025-05-24 18:11:00'),
(11, 'RAMMap', '1.51', 'Microsoft Sysinternals', 'Инструмент для глубокого анализа использования оперативной памяти в Windows. Позволяет увидеть распределение страниц памяти, супервиртуальные объекты и реестр. Мне очень нравится.', 'https://docs.microsoft.com/sysinternals/downloads/rammap', 1, '2025-05-24 18:12:00'),
(12, 'OBS Studio', '29.0.2', 'OBS Project', 'Бесплатное ПО для захвата видео и трансляций в реальном времени. Позволяет вести стримы на Twitch, YouTube и другие платформы, записывать экран, настраивать сцены и фильтры. Мне очень нравится.', 'https://obsproject.com/download', 3, '2025-05-24 18:13:00'),
(13, 'Lively Wallpaper', '2.6.3', 'rocksdanister', 'Приложение для установки анимированных обоев (GIF, видео, веб-страницы) в качестве фона рабочего стола. Поддерживает автоматическую смену, синхронизацию с погодой и YouTube. Мне очень нравится.', 'https://rocksdanister.github.io/lively/', 5, '2025-05-24 18:14:00'),
(14, 'AnyDesk', '8.5.1', 'AnyDesk Software GmbH', 'Легкое и быстрое решение для удаленного доступа к компьютерам. Высокая скорость передачи данных, низкая задержка, поддержка передачи файлов и чата. Мне очень нравится.', 'https://anydesk.com/ru/downloads', 1, '2025-05-24 18:15:00'),
(15, 'DaVinci Resolve', '18.3.0', 'Blackmagic Design', 'Профессиональный видео-редактор и цветокорректор. Включает встроенный монтаж, звуковой микшер Fairlight и инструменты для VFX. Имеет бесплатную и платную версии. Мне очень нравится.', 'https://www.blackmagicdesign.com/products/davinciresolve/', 3, '2025-05-24 18:16:00'),
(16, 'StarlsBack', '2.3.1', 'Mike Bombich', 'Небольшая утилита для добавления колонки «Дата создания» обратно в проводник Windows 10/11, где её удалили в стандартном интерфейсе. Очень полезная для работы с файлами. Мне очень нравится.', 'https://www.macrium.com/reflectfree', 5, '2025-05-24 18:17:00'),
(17, 'Steam', '2024-12-15', 'Valve Corporation', 'Крупнейшая игровая платформа: цифровая дистрибуция, сообщество, облачные сохранения и магазины. Поддерживает сотни тысяч игр для Windows, macOS и Linux. Мне очень нравится.', 'https://store.steampowered.com/about/', 4, '2025-05-24 18:18:00'),
(18, 'FreeMove', '1.3.0', 'Systimes', 'Утилита для переноса папок с большими объёмами данных (например, папки «Документы», «Загрузки») на другой диск без потери связей. Работает через создание символических ссылок. Мне очень нравится.', 'https://freefilesync.org/download.php', 1, '2025-05-24 18:19:00'),
(19, 'REAPER', '7.0.1', 'Cockos Incorporated', 'Мощная DAW (Digital Audio Workstation) с низкими системными требованиями. Поддерживает VST-плагины, мультидорожечную запись и гибкую кастомизацию интерфейса. Мне очень нравится.', 'https://www.reaper.fm/download.php', 2, '2025-05-24 18:20:00'),
(20, 'CUBASE', '12.0.30', 'Steinberg', 'Одна из ведущих DAW для профессионального музыкального продакшена. Включает инструменты для создания MIDI, записи, сведения и мастеринга. Мне очень нравится.', 'https://www.steinberg.net/cubase/downloads/', 2, '2025-05-24 18:21:00');

-- --------------------------------------------------------

--
-- Структура таблицы `users`
--

CREATE TABLE `users` (
  `id` int(11) NOT NULL,
  `username` varchar(50) COLLATE utf8mb4_unicode_ci NOT NULL,
  `password_hash` varchar(255) COLLATE utf8mb4_unicode_ci NOT NULL,
  `email` varchar(100) COLLATE utf8mb4_unicode_ci NOT NULL,
  `role` varchar(20) COLLATE utf8mb4_unicode_ci NOT NULL DEFAULT 'user',
  `created_at` timestamp NOT NULL DEFAULT CURRENT_TIMESTAMP
) ENGINE=InnoDB DEFAULT CHARSET=utf8mb4 COLLATE=utf8mb4_unicode_ci;

--
-- Дамп данных таблицы `users`
--

INSERT INTO `users` (`id`, `username`, `password_hash`, `email`, `role`, `created_at`) VALUES
(1, 'trillar', '$2y$10$/zK8D6hDRAD4C10XFWGHS.caQM46kTlHTg9XtUJ4QHQx7VOhyB8F.', 'r322@gmail.com', 'user', '2025-05-24 08:57:10'),
(2, 'admin', '$2y$10$BtyKQcS4fiMi6GaUnFnoCOkrLHliTlRBW9qg1NydgPYyvgELbw0h2', 'banan@gmail.com', 'admin', '2025-05-24 09:23:53'),
(3, 'user3', '$2y$10$xXxXxXxXxXxXxXxXxXxX', 'user3@example.com', 'user', '2025-05-24 18:25:37'),
(4, 'user4', '$2y$10$yYyYyYyYyYyYyYyYyYyY', 'user4@example.com', 'user', '2025-05-24 18:25:37'),
(5, 'user5', '$2y$10$zZzZzZzZzZzZzZzZzZzZ', 'user5@example.com', 'user', '2025-05-24 18:25:37');

--
-- Индексы сохранённых таблиц
--

--
-- Индексы таблицы `categories`
--
ALTER TABLE `categories`
  ADD PRIMARY KEY (`id`),
  ADD UNIQUE KEY `name` (`name`);

--
-- Индексы таблицы `reviews`
--
ALTER TABLE `reviews`
  ADD PRIMARY KEY (`id`),
  ADD KEY `user_id` (`user_id`),
  ADD KEY `idx_reviews_software` (`software_id`);

--
-- Индексы таблицы `software`
--
ALTER TABLE `software`
  ADD PRIMARY KEY (`id`),
  ADD KEY `category_id` (`category_id`),
  ADD KEY `idx_name_created_at` (`created_at`);

--
-- Индексы таблицы `users`
--
ALTER TABLE `users`
  ADD PRIMARY KEY (`id`),
  ADD UNIQUE KEY `username` (`username`),
  ADD UNIQUE KEY `email` (`email`),
  ADD UNIQUE KEY `idx_unique_email` (`email`);

--
-- AUTO_INCREMENT для сохранённых таблиц
--

--
-- AUTO_INCREMENT для таблицы `categories`
--
ALTER TABLE `categories`
  MODIFY `id` int(11) NOT NULL AUTO_INCREMENT, AUTO_INCREMENT=6;

--
-- AUTO_INCREMENT для таблицы `reviews`
--
ALTER TABLE `reviews`
  MODIFY `id` int(11) NOT NULL AUTO_INCREMENT, AUTO_INCREMENT=184;

--
-- AUTO_INCREMENT для таблицы `software`
--
ALTER TABLE `software`
  MODIFY `id` int(11) NOT NULL AUTO_INCREMENT, AUTO_INCREMENT=21;

--
-- AUTO_INCREMENT для таблицы `users`
--
ALTER TABLE `users`
  MODIFY `id` int(11) NOT NULL AUTO_INCREMENT, AUTO_INCREMENT=6;
COMMIT;

/*!40101 SET CHARACTER_SET_CLIENT=@OLD_CHARACTER_SET_CLIENT */;
/*!40101 SET CHARACTER_SET_RESULTS=@OLD_CHARACTER_SET_RESULTS */;
/*!40101 SET COLLATION_CONNECTION=@OLD_COLLATION_CONNECTION */;
